product,rating,content,date
剪映,4,素材库更新快，紧跟热点,2024-07-07
剪映,5,智能抠图效果不错,2024-08-02
剪映,2,音乐版权不清楚，不敢商用,2024-04-09
剪映,3,AI字幕识别很准，省了好多时间,2024-05-29
剪映,2,音乐版权不清楚，不敢商用,2024-10-20
剪映,1,有些素材只能会员用，套路,2024-10-03
剪映,5,智能抠图效果不错,2024-01-22
剪映,1,会员太贵了，能不能便宜点,2024-02-18
剪映,5,智能抠图效果不错,2024-07-06
剪映,4,AI字幕识别很准，省了好多时间,2024-12-29
剪映,5,剪辑速度快，不卡顿,2024-05-10
剪映,5,操作简单，上手很快,2024-01-21
剪映,4,模板超多，一键就能出效果,2024-03-29
剪映,5,模板超多，一键就能出效果,2024-09-21
剪映,1,有时候会闪退，希望修复,2024-12-05
剪映,4,操作简单，上手很快,2024-09-20
剪映,2,片尾强制加logo很烦,2024-03-21
剪映,4,素材库更新快，紧跟热点,2024-01-02
剪映,4,特效丰富，转场很自然,2024-04-15
剪映,5,模板超多，一键就能出效果,2024-08-05
剪映,4,智能抠图效果不错,2024-09-26
剪映,5,素材库更新快，紧跟热点,2024-08-02
剪映,5,素材库更新快，紧跟热点,2024-07-31
剪映,4,模板超多，一键就能出效果,2024-02-22
剪映,5,剪辑速度快，不卡顿,2024-09-08
剪映,5,剪辑速度快，不卡顿,2024-06-05
剪映,5,太好用了，小白也能剪出大片,2024-12-10
剪映,5,素材库更新快，紧跟热点,2024-05-08
剪映,3,会员太贵了，能不能便宜点,2024-03-21
剪映,5,AI字幕识别很准，省了好多时间,2024-10-15
剪映,5,智能抠图效果不错,2024-08-18
剪映,5,操作简单，上手很快,2024-07-19
剪映,5,模板超多，一键就能出效果,2024-02-02
剪映,2,高级功能太少，专业剪辑不够用,2024-03-02
剪映,4,AI字幕识别很准，省了好多时间,2024-06-20
剪映,5,AI字幕识别很准，省了好多时间,2024-08-14
剪映,3,有些素材只能会员用，套路,2024-05-10
剪映,5,智能抠图效果不错,2024-09-11
剪映,4,剪辑速度快，不卡顿,2024-07-25
剪映,4,智能抠图效果不错,2024-06-27
剪映,2,高级功能太少，专业剪辑不够用,2024-08-28
剪映,4,免费功能就够用了，良心软件,2024-08-09
剪映,3,操作简单，上手很快,2024-08-24
剪映,5,免费功能就够用了，良心软件,2024-01-13
剪映,2,导出速度有点慢,2024-08-30
剪映,3,模板超多，一键就能出效果,2024-06-18
剪映,5,剪辑速度快，不卡顿,2024-05-13
剪映,4,免费功能就够用了，良心软件,2024-10-12
剪映,5,智能抠图效果不错,2024-12-13
剪映,4,太好用了，小白也能剪出大片,2024-10-09
剪映,4,免费功能就够用了，良心软件,2024-08-20
剪映,4,特效丰富，转场很自然,2024-05-16
剪映,4,太好用了，小白也能剪出大片,2024-11-02
剪映,4,素材库更新快，紧跟热点,2024-11-10
剪映,4,素材库更新快，紧跟热点,2024-08-20
剪映,4,太好用了，小白也能剪出大片,2024-02-21
剪映,4,操作简单，上手很快,2024-04-22
剪映,3,高级功能太少，专业剪辑不够用,2024-07-05
剪映,5,模板超多，一键就能出效果,2024-08-07
剪映,2,占用内存太大了,2024-08-11
剪映,5,AI字幕识别很准，省了好多时间,2024-05-05
剪映,3,有时候会闪退，希望修复,2024-08-05
剪映,5,操作简单，上手很快,2024-11-19
剪映,3,高级功能太少，专业剪辑不够用,2024-09-11
剪映,5,和抖音配合完美，发布很方便,2024-04-07
剪映,5,太好用了，小白也能剪出大片,2024-07-19
剪映,4,特效丰富，转场很自然,2024-12-14
剪映,5,免费功能就够用了，良心软件,2024-12-11
剪映,5,AI字幕识别很准，省了好多时间,2024-05-27
剪映,5,免费功能就够用了，良心软件,2024-05-07
剪映,5,素材库更新快，紧跟热点,2024-05-08
剪映,5,剪辑速度快，不卡顿,2024-05-30
剪映,5,智能抠图效果不错,2024-04-08
剪映,4,智能抠图效果不错,2024-04-21
剪映,5,太好用了，小白也能剪出大片,2024-01-02
剪映,5,和抖音配合完美，发布很方便,2024-02-06
剪映,5,操作简单，上手很快,2024-01-09
剪映,4,AI字幕识别很准，省了好多时间,2024-10-30
剪映,5,免费功能就够用了，良心软件,2024-05-31
剪映,4,太好用了，小白也能剪出大片,2024-04-25
剪映,3,素材库更新快，紧跟热点,2024-04-13
剪映,5,AI字幕识别很准，省了好多时间,2024-04-21
剪映,3,AI字幕识别很准，省了好多时间,2024-06-01
剪映,1,音乐版权不清楚，不敢商用,2024-12-03
剪映,4,AI字幕识别很准，省了好多时间,2024-07-26
剪映,5,免费功能就够用了，良心软件,2024-06-09
剪映,1,片尾强制加logo很烦,2024-10-03
剪映,3,素材库更新快，紧跟热点,2024-05-14
剪映,5,太好用了，小白也能剪出大片,2024-06-24
剪映,3,有些素材只能会员用，套路,2024-06-06
剪映,5,AI字幕识别很准，省了好多时间,2024-09-20
剪映,5,模板超多，一键就能出效果,2024-10-03
剪映,5,太好用了，小白也能剪出大片,2024-11-12
剪映,4,免费功能就够用了，良心软件,2024-02-04
剪映,5,太好用了，小白也能剪出大片,2024-06-20
剪映,5,和抖音配合完美，发布很方便,2024-01-06
剪映,4,剪辑速度快，不卡顿,2024-02-06
剪映,5,太好用了，小白也能剪出大片,2024-10-28
剪映,5,AI字幕识别很准，省了好多时间,2024-07-06
剪映,5,和抖音配合完美，发布很方便,2024-06-09
剪映,4,模板超多，一键就能出效果,2024-10-07
剪映,4,特效丰富，转场很自然,2024-02-27
剪映,5,素材库更新快，紧跟热点,2024-04-23
剪映,5,特效丰富，转场很自然,2024-05-30
剪映,3,智能抠图效果不错,2024-09-29
剪映,5,剪辑速度快，不卡顿,2024-10-25
剪映,5,操作简单，上手很快,2024-06-18
剪映,5,AI字幕识别很准，省了好多时间,2024-11-01
剪映,5,智能抠图效果不错,2024-11-08
剪映,5,免费功能就够用了，良心软件,2024-11-16
剪映,2,片尾强制加logo很烦,2024-05-21
剪映,5,操作简单，上手很快,2024-05-22
剪映,4,模板超多，一键就能出效果,2024-10-14
剪映,5,特效丰富，转场很自然,2024-02-20
剪映,4,特效丰富，转场很自然,2024-11-09
剪映,5,太好用了，小白也能剪出大片,2024-06-28
剪映,2,高级功能太少，专业剪辑不够用,2024-02-23
剪映,5,和抖音配合完美，发布很方便,2024-09-20
剪映,5,和抖音配合完美，发布很方便,2024-04-12
剪映,3,导出速度有点慢,2024-12-15
剪映,5,操作简单，上手很快,2024-11-03
剪映,3,音乐版权不清楚，不敢商用,2024-05-03
剪映,5,AI字幕识别很准，省了好多时间,2024-05-24
剪映,4,AI字幕识别很准，省了好多时间,2024-04-01
剪映,5,智能抠图效果不错,2024-08-16
剪映,3,剪辑速度快，不卡顿,2024-05-08
剪映,3,太好用了，小白也能剪出大片,2024-08-26
剪映,4,特效丰富，转场很自然,2024-02-17
剪映,3,导出速度有点慢,2024-09-28
剪映,5,和抖音配合完美，发布很方便,2024-10-04
剪映,5,AI字幕识别很准，省了好多时间,2024-03-16
剪映,5,AI字幕识别很准，省了好多时间,2024-03-26
剪映,1,片尾强制加logo很烦,2024-08-07
剪映,2,会员太贵了，能不能便宜点,2024-04-03
剪映,5,免费功能就够用了，良心软件,2024-07-22
剪映,1,有时候会闪退，希望修复,2024-12-06
剪映,4,太好用了，小白也能剪出大片,2024-09-10
剪映,4,操作简单，上手很快,2024-09-06
剪映,5,和抖音配合完美，发布很方便,2024-04-09
剪映,2,高级功能太少，专业剪辑不够用,2024-09-06
剪映,5,太好用了，小白也能剪出大片,2024-11-20
剪映,5,素材库更新快，紧跟热点,2024-12-01
剪映,5,太好用了，小白也能剪出大片,2024-06-08
剪映,5,素材库更新快，紧跟热点,2024-06-26
剪映,5,太好用了，小白也能剪出大片,2024-06-27
剪映,5,AI字幕识别很准，省了好多时间,2024-03-05
剪映,5,智能抠图效果不错,2024-02-12
剪映,3,导出速度有点慢,2024-01-12
剪映,3,模板超多，一键就能出效果,2024-09-09
剪映,3,AI字幕识别很准，省了好多时间,2024-08-02
剪映,2,音乐版权不清楚，不敢商用,2024-04-02
剪映,5,智能抠图效果不错,2024-04-24
剪映,4,免费功能就够用了，良心软件,2024-11-09
剪映,5,素材库更新快，紧跟热点,2024-08-04
剪映,5,剪辑速度快，不卡顿,2024-06-12
剪映,3,剪辑速度快，不卡顿,2024-07-10
剪映,5,AI字幕识别很准，省了好多时间,2024-02-05
剪映,4,操作简单，上手很快,2024-04-05
剪映,4,和抖音配合完美，发布很方便,2024-09-24
剪映,4,操作简单，上手很快,2024-08-04
剪映,4,太好用了，小白也能剪出大片,2024-03-02
剪映,4,剪辑速度快，不卡顿,2024-12-07
剪映,4,AI字幕识别很准，省了好多时间,2024-06-25
剪映,2,占用内存太大了,2024-08-20
剪映,5,剪辑速度快，不卡顿,2024-10-10
剪映,5,免费功能就够用了，良心软件,2024-12-04
剪映,4,和抖音配合完美，发布很方便,2024-03-09
剪映,4,剪辑速度快，不卡顿,2024-02-22
剪映,5,剪辑速度快，不卡顿,2024-02-08
剪映,3,智能抠图效果不错,2024-07-04
剪映,2,高级功能太少，专业剪辑不够用,2024-05-01
剪映,4,操作简单，上手很快,2024-08-08
剪映,4,模板超多，一键就能出效果,2024-08-26
剪映,3,智能抠图效果不错,2024-09-09
剪映,5,素材库更新快，紧跟热点,2024-06-18
剪映,4,智能抠图效果不错,2024-07-12
剪映,3,和抖音配合完美，发布很方便,2024-12-04
剪映,5,太好用了，小白也能剪出大片,2024-12-07
剪映,5,操作简单，上手很快,2024-08-04
剪映,5,免费功能就够用了，良心软件,2024-03-10
剪映,5,AI字幕识别很准，省了好多时间,2024-12-29
剪映,5,智能抠图效果不错,2024-12-11
剪映,4,AI字幕识别很准，省了好多时间,2024-06-21
剪映,1,有些素材只能会员用，套路,2024-05-05
剪映,2,有些素材只能会员用，套路,2024-11-12
剪映,5,操作简单，上手很快,2024-01-01
剪映,5,剪辑速度快，不卡顿,2024-07-09
剪映,4,剪辑速度快，不卡顿,2024-11-07
剪映,5,和抖音配合完美，发布很方便,2024-05-13
剪映,5,和抖音配合完美，发布很方便,2024-03-20
剪映,5,和抖音配合完美，发布很方便,2024-06-12
剪映,5,免费功能就够用了，良心软件,2024-02-16
剪映,5,太好用了，小白也能剪出大片,2024-02-23
剪映,5,操作简单，上手很快,2024-01-12
剪映,5,素材库更新快，紧跟热点,2024-12-23
剪映,4,和抖音配合完美，发布很方便,2024-01-08
剪映,3,免费功能就够用了，良心软件,2024-03-30
剪映,4,模板超多，一键就能出效果,2024-01-28
剪映,2,会员太贵了，能不能便宜点,2024-08-15
剪映,5,特效丰富，转场很自然,2024-05-24
剪映,4,和抖音配合完美，发布很方便,2024-07-30
剪映,5,AI字幕识别很准，省了好多时间,2024-09-09
剪映,5,AI字幕识别很准，省了好多时间,2024-09-12
剪映,5,剪辑速度快，不卡顿,2024-01-10
剪映,5,模板超多，一键就能出效果,2024-09-07
剪映,2,高级功能太少，专业剪辑不够用,2024-10-15
剪映,5,模板超多，一键就能出效果,2024-08-11
剪映,5,和抖音配合完美，发布很方便,2024-10-08
剪映,4,特效丰富，转场很自然,2024-11-10
剪映,5,太好用了，小白也能剪出大片,2024-04-07
剪映,2,高级功能太少，专业剪辑不够用,2024-11-06
剪映,5,太好用了，小白也能剪出大片,2024-07-15
剪映,5,特效丰富，转场很自然,2024-09-15
剪映,5,和抖音配合完美，发布很方便,2024-02-22
剪映,5,智能抠图效果不错,2024-03-23
剪映,4,剪辑速度快，不卡顿,2024-01-01
剪映,5,免费功能就够用了，良心软件,2024-10-14
剪映,2,高级功能太少，专业剪辑不够用,2024-03-12
剪映,1,有时候会闪退，希望修复,2024-06-10
剪映,4,AI字幕识别很准，省了好多时间,2024-11-01
剪映,5,特效丰富，转场很自然,2024-08-23
剪映,5,剪辑速度快，不卡顿,2024-04-21
剪映,4,操作简单，上手很快,2024-07-25
剪映,5,模板超多，一键就能出效果,2024-03-15
剪映,4,特效丰富，转场很自然,2024-07-10
剪映,1,片尾强制加logo很烦,2024-11-01
剪映,5,AI字幕识别很准，省了好多时间,2024-11-03
剪映,5,太好用了，小白也能剪出大片,2024-11-30
剪映,4,操作简单，上手很快,2024-04-15
剪映,5,和抖音配合完美，发布很方便,2024-10-11
剪映,3,高级功能太少，专业剪辑不够用,2024-11-25
剪映,5,免费功能就够用了，良心软件,2024-03-09
剪映,5,和抖音配合完美，发布很方便,2024-07-23
剪映,4,AI字幕识别很准，省了好多时间,2024-04-20
剪映,3,片尾强制加logo很烦,2024-04-04
剪映,4,素材库更新快，紧跟热点,2024-12-25
剪映,5,剪辑速度快，不卡顿,2024-07-13
剪映,5,模板超多，一键就能出效果,2024-03-01
剪映,3,和抖音配合完美，发布很方便,2024-04-01
剪映,4,特效丰富，转场很自然,2024-11-21
剪映,3,剪辑速度快，不卡顿,2024-01-12
剪映,4,模板超多，一键就能出效果,2024-03-18
剪映,4,剪辑速度快，不卡顿,2024-10-08
剪映,5,剪辑速度快，不卡顿,2024-08-01
剪映,3,会员太贵了，能不能便宜点,2024-11-14
剪映,4,太好用了，小白也能剪出大片,2024-01-26
剪映,5,素材库更新快，紧跟热点,2024-04-22
剪映,5,免费功能就够用了，良心软件,2024-07-25
剪映,5,素材库更新快，紧跟热点,2024-08-01
剪映,4,操作简单，上手很快,2024-03-18
剪映,4,智能抠图效果不错,2024-01-14
剪映,3,操作简单，上手很快,2024-01-03
剪映,5,模板超多，一键就能出效果,2024-10-20
剪映,5,剪辑速度快，不卡顿,2024-04-28
剪映,4,智能抠图效果不错,2024-02-08
剪映,4,操作简单，上手很快,2024-03-26
剪映,4,剪辑速度快，不卡顿,2024-05-24
剪映,4,剪辑速度快，不卡顿,2024-03-08
剪映,4,剪辑速度快，不卡顿,2024-04-18
剪映,4,免费功能就够用了，良心软件,2024-04-20
剪映,5,素材库更新快，紧跟热点,2024-08-23
剪映,3,剪辑速度快，不卡顿,2024-04-10
剪映,4,智能抠图效果不错,2024-11-15
剪映,5,素材库更新快，紧跟热点,2024-11-10
剪映,5,和抖音配合完美，发布很方便,2024-10-15
剪映,1,占用内存太大了,2024-07-16
剪映,4,免费功能就够用了，良心软件,2024-12-15
剪映,3,剪辑速度快，不卡顿,2024-09-03
剪映,2,高级功能太少，专业剪辑不够用,2024-02-09
剪映,5,素材库更新快，紧跟热点,2024-08-10
剪映,5,免费功能就够用了，良心软件,2024-08-07
剪映,5,特效丰富，转场很自然,2024-04-27
剪映,4,素材库更新快，紧跟热点,2024-03-02
剪映,5,素材库更新快，紧跟热点,2024-01-26
剪映,4,和抖音配合完美，发布很方便,2024-11-21
剪映,5,免费功能就够用了，良心软件,2024-10-01
剪映,3,高级功能太少，专业剪辑不够用,2024-05-19
剪映,3,有些素材只能会员用，套路,2024-11-15
剪映,3,会员太贵了，能不能便宜点,2024-12-21
剪映,4,AI字幕识别很准，省了好多时间,2024-06-09
剪映,4,素材库更新快，紧跟热点,2024-01-10
剪映,5,智能抠图效果不错,2024-06-20
剪映,4,素材库更新快，紧跟热点,2024-05-09
剪映,3,和抖音配合完美，发布很方便,2024-11-24
剪映,5,素材库更新快，紧跟热点,2024-02-07
剪映,4,太好用了，小白也能剪出大片,2024-03-09
剪映,5,模板超多，一键就能出效果,2024-11-29
剪映,5,剪辑速度快，不卡顿,2024-03-16
剪映,4,太好用了，小白也能剪出大片,2024-10-22
剪映,5,素材库更新快，紧跟热点,2024-09-23
剪映,5,AI字幕识别很准，省了好多时间,2024-07-31
剪映,3,有些素材只能会员用，套路,2024-03-02
剪映,4,智能抠图效果不错,2024-03-29
剪映,5,素材库更新快，紧跟热点,2024-10-21
剪映,5,AI字幕识别很准，省了好多时间,2024-05-04
剪映,4,操作简单，上手很快,2024-03-03
剪映,5,剪辑速度快，不卡顿,2024-05-24
剪映,5,操作简单，上手很快,2024-11-04
剪映,5,AI字幕识别很准，省了好多时间,2024-02-08
剪映,3,特效丰富，转场很自然,2024-03-07
Filmora,4,客服响应快，问题能解决,2024-02-11
Filmora,2,学习成本比剪映高,2024-04-20
Filmora,4,多轨道编辑方便，效率高,2024-08-18
Filmora,4,界面清晰，功能分类合理,2024-04-06
Filmora,5,导出选项多，参数可调,2024-10-15
Filmora,1,素材库不如剪映丰富,2024-11-17
Filmora,5,音频编辑功能完善,2024-12-18
Filmora,2,AI功能有次数限制,2024-06-07
Filmora,4,客服响应快，问题能解决,2024-07-02
Filmora,4,客服响应快，问题能解决,2024-09-17
Filmora,4,多轨道编辑方便，效率高,2024-11-27
Filmora,5,转场效果很多，选择丰富,2024-08-30
Filmora,4,音频编辑功能完善,2024-10-25
Filmora,4,多轨道编辑方便，效率高,2024-01-11
Filmora,5,客服响应快，问题能解决,2024-02-07
Filmora,3,AI功能有次数限制,2024-12-11
Filmora,5,音频编辑功能完善,2024-05-20
Filmora,2,试用版水印太大，逼人付费,2024-04-20
Filmora,5,多轨道编辑方便，效率高,2024-11-19
Filmora,5,AI功能实用，智能字幕准确,2024-11-23
Filmora,5,功能很专业，比剪映强多了,2024-04-01
Filmora,4,模板质量高，商务风格好看,2024-02-20
Filmora,5,客服响应快，问题能解决,2024-10-23
Filmora,5,导出选项多，参数可调,2024-09-13
Filmora,2,AI功能有次数限制,2024-12-11
Filmora,5,界面清晰，功能分类合理,2024-11-08
Filmora,4,界面清晰，功能分类合理,2024-02-24
Filmora,3,AI功能有次数限制,2024-05-28
Filmora,4,AI功能实用，智能字幕准确,2024-05-16
Filmora,3,模板质量高，商务风格好看,2024-10-17
Filmora,4,模板质量高，商务风格好看,2024-03-30
Filmora,5,调色功能好用，画面质感提升明显,2024-07-28
Filmora,4,功能很专业，比剪映强多了,2024-05-07
Filmora,3,试用版水印太大，逼人付费,2024-09-07
Filmora,2,有些特效要单独买,2024-01-25
Filmora,4,界面清晰，功能分类合理,2024-12-09
Filmora,4,界面清晰，功能分类合理,2024-06-02
Filmora,1,AI功能有次数限制,2024-02-18
Filmora,3,模板质量高，商务风格好看,2024-06-25
Filmora,4,界面清晰，功能分类合理,2024-03-03
Filmora,5,功能很专业，比剪映强多了,2024-11-22
Filmora,4,导出选项多，参数可调,2024-07-29
Filmora,4,功能很专业，比剪映强多了,2024-10-12
Filmora,5,转场效果很多，选择丰富,2024-01-18
Filmora,3,AI功能有次数限制,2024-07-12
Filmora,4,功能很专业，比剪映强多了,2024-04-23
Filmora,4,转场效果很多，选择丰富,2024-11-14
Filmora,2,有些特效要单独买,2024-02-24
Filmora,5,音频编辑功能完善,2024-06-10
Filmora,4,导出选项多，参数可调,2024-02-24
Filmora,3,有些特效要单独买,2024-12-14
Filmora,4,模板质量高，商务风格好看,2024-09-03
Filmora,3,客服响应快，问题能解决,2024-02-23
Filmora,4,AI功能实用，智能字幕准确,2024-03-07
Filmora,5,客服响应快，问题能解决,2024-10-17
Filmora,3,软件体积大，启动慢,2024-10-14
Filmora,5,多轨道编辑方便，效率高,2024-06-13
Filmora,2,素材库不如剪映丰富,2024-08-10
Filmora,4,调色功能好用，画面质感提升明显,2024-01-07
Filmora,4,功能很专业，比剪映强多了,2024-05-30
Filmora,5,转场效果很多，选择丰富,2024-02-05
Filmora,4,调色功能好用，画面质感提升明显,2024-01-02
Filmora,5,AI功能实用，智能字幕准确,2024-01-11
Filmora,3,调色功能好用，画面质感提升明显,2024-07-13
Filmora,4,多轨道编辑方便，效率高,2024-09-17
Filmora,4,模板质量高，商务风格好看,2024-08-13
Filmora,5,转场效果很多，选择丰富,2024-12-07
Filmora,5,功能很专业，比剪映强多了,2024-07-20
Filmora,4,导出选项多，参数可调,2024-05-07
Filmora,3,有些特效要单独买,2024-04-24
Filmora,4,模板质量高，商务风格好看,2024-02-09
Filmora,5,模板质量高，商务风格好看,2024-12-24
Filmora,3,订阅太贵，一年两百多,2024-01-04
Filmora,2,AI功能有次数限制,2024-04-18
Filmora,5,AI功能实用，智能字幕准确,2024-03-15
Filmora,5,AI功能实用，智能字幕准确,2024-02-11
Filmora,4,界面清晰，功能分类合理,2024-02-03
Filmora,4,模板质量高，商务风格好看,2024-03-16
Filmora,3,音频编辑功能完善,2024-12-07
Filmora,2,订阅太贵，一年两百多,2024-10-13
Filmora,5,客服响应快，问题能解决,2024-04-07
Filmora,4,模板质量高，商务风格好看,2024-11-04
Filmora,3,有些功能要额外付费，坑,2024-07-08
Filmora,4,调色功能好用，画面质感提升明显,2024-11-05
Filmora,5,转场效果很多，选择丰富,2024-06-29
Filmora,4,音频编辑功能完善,2024-01-29
Filmora,4,客服响应快，问题能解决,2024-01-11
Filmora,4,功能很专业，比剪映强多了,2024-07-05
Filmora,3,转场效果很多，选择丰富,2024-11-05
Filmora,4,客服响应快，问题能解决,2024-09-02
Filmora,2,有些特效要单独买,2024-10-15
Filmora,3,AI功能有次数限制,2024-05-27
Filmora,3,订阅太贵，一年两百多,2024-12-02
Filmora,4,调色功能好用，画面质感提升明显,2024-07-19
Filmora,5,AI功能实用，智能字幕准确,2024-03-13
Filmora,2,订阅太贵，一年两百多,2024-05-08
Filmora,4,客服响应快，问题能解决,2024-02-11
Filmora,4,转场效果很多，选择丰富,2024-05-10
Filmora,2,软件体积大，启动慢,2024-06-20
Filmora,5,界面清晰，功能分类合理,2024-12-19
Filmora,2,AI功能有次数限制,2024-02-13
Filmora,5,功能很专业，比剪映强多了,2024-01-17
Filmora,5,导出选项多，参数可调,2024-10-29
Filmora,2,有些特效要单独买,2024-08-03
Filmora,5,AI功能实用，智能字幕准确,2024-03-21
Filmora,5,界面清晰，功能分类合理,2024-07-16
Filmora,5,调色功能好用，画面质感提升明显,2024-03-29
Filmora,4,音频编辑功能完善,2024-12-30
Filmora,5,音频编辑功能完善,2024-01-16
Filmora,5,导出选项多，参数可调,2024-10-08
Filmora,4,音频编辑功能完善,2024-09-26
Filmora,2,学习成本比剪映高,2024-05-16
Filmora,3,客服响应快，问题能解决,2024-11-10
Filmora,5,调色功能好用，画面质感提升明显,2024-08-10
Filmora,5,导出选项多，参数可调,2024-04-12
Filmora,1,学习成本比剪映高,2024-05-31
Filmora,3,有些功能要额外付费，坑,2024-04-07
Filmora,5,客服响应快，问题能解决,2024-07-01
Filmora,4,导出选项多，参数可调,2024-01-15
Filmora,5,多轨道编辑方便，效率高,2024-12-14
Filmora,5,调色功能好用，画面质感提升明显,2024-06-09
Filmora,5,音频编辑功能完善,2024-04-17
Filmora,3,转场效果很多，选择丰富,2024-06-18
Filmora,5,导出选项多，参数可调,2024-09-25
Filmora,4,转场效果很多，选择丰富,2024-02-08
Filmora,1,AI功能有次数限制,2024-11-13
Filmora,4,模板质量高，商务风格好看,2024-09-28
Filmora,5,模板质量高，商务风格好看,2024-09-22
Filmora,2,学习成本比剪映高,2024-12-24
Filmora,4,功能很专业，比剪映强多了,2024-06-25
Filmora,2,素材库不如剪映丰富,2024-06-06
Filmora,5,调色功能好用，画面质感提升明显,2024-10-19
Filmora,1,订阅太贵，一年两百多,2024-03-13
Filmora,2,订阅太贵，一年两百多,2024-12-09
Filmora,2,有些功能要额外付费，坑,2024-10-19
Filmora,5,界面清晰，功能分类合理,2024-10-21
Filmora,5,客服响应快，问题能解决,2024-01-11
Filmora,5,调色功能好用，画面质感提升明显,2024-06-01
Filmora,5,多轨道编辑方便，效率高,2024-02-28
Filmora,4,界面清晰，功能分类合理,2024-08-30
Filmora,4,音频编辑功能完善,2024-04-16
Filmora,3,模板质量高，商务风格好看,2024-08-28
Filmora,5,客服响应快，问题能解决,2024-09-18
Filmora,5,界面清晰，功能分类合理,2024-02-16
Filmora,3,模板质量高，商务风格好看,2024-04-08
Filmora,4,功能很专业，比剪映强多了,2024-03-01
Filmora,3,转场效果很多，选择丰富,2024-06-26
Filmora,4,功能很专业，比剪映强多了,2024-08-03
Filmora,5,转场效果很多，选择丰富,2024-09-25
Filmora,3,AI功能有次数限制,2024-03-29
Filmora,4,AI功能实用，智能字幕准确,2024-04-07
Filmora,4,客服响应快，问题能解决,2024-11-18
Filmora,3,模板质量高，商务风格好看,2024-07-13
Filmora,5,音频编辑功能完善,2024-01-09
Filmora,4,模板质量高，商务风格好看,2024-09-17
Filmora,5,调色功能好用，画面质感提升明显,2024-05-03
Filmora,4,客服响应快，问题能解决,2024-09-07
Filmora,5,音频编辑功能完善,2024-02-06
Filmora,3,有些功能要额外付费，坑,2024-10-10
Filmora,2,订阅太贵，一年两百多,2024-04-23
Filmora,4,转场效果很多，选择丰富,2024-07-04
Filmora,4,客服响应快，问题能解决,2024-12-19
Filmora,4,功能很专业，比剪映强多了,2024-09-18
Filmora,4,客服响应快，问题能解决,2024-04-01
Filmora,5,模板质量高，商务风格好看,2024-09-25
Filmora,5,模板质量高，商务风格好看,2024-06-29
Filmora,5,界面清晰，功能分类合理,2024-07-06
Filmora,3,订阅太贵，一年两百多,2024-02-14
Filmora,5,转场效果很多，选择丰富,2024-01-31
Filmora,5,音频编辑功能完善,2024-06-08
Filmora,4,导出选项多，参数可调,2024-03-22
Filmora,5,导出选项多，参数可调,2024-08-11
Filmora,2,有些功能要额外付费，坑,2024-04-22
Filmora,4,客服响应快，问题能解决,2024-08-10
Filmora,4,客服响应快，问题能解决,2024-12-30
Filmora,5,界面清晰，功能分类合理,2024-03-14
Filmora,4,调色功能好用，画面质感提升明显,2024-11-14
Filmora,4,AI功能实用，智能字幕准确,2024-10-04
Filmora,5,多轨道编辑方便，效率高,2024-08-29
Filmora,5,功能很专业，比剪映强多了,2024-01-12
Filmora,2,试用版水印太大，逼人付费,2024-07-11
Filmora,2,有些特效要单独买,2024-07-28
Filmora,5,多轨道编辑方便，效率高,2024-09-07
Filmora,2,AI功能有次数限制,2024-01-07
Filmora,2,订阅太贵，一年两百多,2024-05-13
Filmora,4,转场效果很多，选择丰富,2024-02-27
Filmora,1,试用版水印太大，逼人付费,2024-08-13
Filmora,5,功能很专业，比剪映强多了,2024-04-08
Filmora,4,导出选项多，参数可调,2024-09-27
Filmora,5,多轨道编辑方便，效率高,2024-10-14
Filmora,2,素材库不如剪映丰富,2024-03-24
Filmora,5,转场效果很多，选择丰富,2024-12-02
Filmora,5,客服响应快，问题能解决,2024-04-01
Filmora,5,AI功能实用，智能字幕准确,2024-03-24
Filmora,4,模板质量高，商务风格好看,2024-09-13
Filmora,4,界面清晰，功能分类合理,2024-01-15
Filmora,5,转场效果很多，选择丰富,2024-11-15
Filmora,5,客服响应快，问题能解决,2024-01-12
Filmora,4,客服响应快，问题能解决,2024-02-29
Filmora,3,学习成本比剪映高,2024-04-02
